{
  "name": "indexer-movie",
  "description": null,
  "dataSourceName": "movie-data",
  "skillsetName": null,
  "targetIndexName": "index1-movie",
  "disabled": null,
  "schedule": null,
  "parameters": {
    "batchSize": null,
    "maxFailedItems": null,
    "maxFailedItemsPerBatch": null,
    "configuration": {
      "dataToExtract": "contentAndMetadata",
      "parsingMode": "delimitedText",
      "indexedFileNameExtensions": ".csv",
      "firstLineContainsHeaders": true,
      "allowSkillsetToReadFileData": false
    }
  },
  "fieldMappings": [
    {"sourceFieldName": "제명", "targetFieldName": "title", "mappingFunction": null}, 
    {"sourceFieldName": "영문제명", "targetFieldName": "engtitle", "mappingFunction": null}, 
    {"sourceFieldName": "기타제명", "targetFieldName": "othertitle", "mappingFunction": null}, 
    {"sourceFieldName": "제작년도", "targetFieldName": "year", "mappingFunction": null}, 
    {"sourceFieldName": "작품구분", "targetFieldName": "type", "mappingFunction": null}, 
    {"sourceFieldName": "유형구분", "targetFieldName": "subtype", "mappingFunction": null}, 
    {"sourceFieldName": "용도구분", "targetFieldName": "usage", "mappingFunction": null}, 
    {"sourceFieldName": "국가구분", "targetFieldName": "country", "mappingFunction": null}, 
    {"sourceFieldName": "길이구분", "targetFieldName": "length", "mappingFunction": null}, 
    {"sourceFieldName": "장르", "targetFieldName": "genre", "mappingFunction": null}, 
    {"sourceFieldName": "제작국가", "targetFieldName": "prodcountry", "mappingFunction": null}, 
    {"sourceFieldName": "심의여부", "targetFieldName": "rating", "mappingFunction": null}, 
    {"sourceFieldName": "심의정보대표여부", "targetFieldName": "ratinginfo", "mappingFunction": null}, 
    {"sourceFieldName": "상영시간", "targetFieldName": "runtime", "mappingFunction": null}, 
    {"sourceFieldName": "주제곡", "targetFieldName": "theme", "mappingFunction": null}, 
    {"sourceFieldName": "삽입곡", "targetFieldName": "insert", "mappingFunction": null}, 
    {"sourceFieldName": "키워드", "targetFieldName": "keyword", "mappingFunction": null}, 
    {"sourceFieldName": "촬영장소", "targetFieldName": "location", "mappingFunction": null}, 
    {"sourceFieldName": "줄거리출처", "targetFieldName": "summarysrc", "mappingFunction": null}, 
    {"sourceFieldName": "줄거리", "targetFieldName": "summary", "mappingFunction": null}, 
    {"sourceFieldName": "노트(NOTE)", "targetFieldName": "note", "mappingFunction": null}, 
    {"sourceFieldName": "KMDb 영화정보관리번호", "targetFieldName": "kmdbid", "mappingFunction": null} 
  ],
  "outputFieldMappings": [],
  "cache": null,
  "encryptionKey": null
}