{
    "type": "AdaptiveCard",
    "body": [
        {
            "type": "TextBlock",
            "size": "Medium",
            "weight": "Bolder",
            "text": "New HR Candidate Information"
        },
        {
            "type": "Input.Text",
            "id": "firstname",
            "placeholder": "First Name"
        },
        {
            "type": "Input.Text",
            "id": "lastname",
            "placeholder": "Last Name"
        },
        {
            "type": "Input.Text",
            "id": "email",
            "placeholder": "Email"
        },
        {
            "type": "Input.Text",
            "id": "current_role",
            "placeholder": "Current Role"
        },
        {
            "type": "Input.ChoiceSet",
            "id": "spoken_languages",
            "placeholder": "Spoken Languages",
            "isMultiSelect": true,
            "choices": [
                {
                    "title": "English",
                    "value": "English"
                },
                {
                    "title": "French",
                    "value": "French"
                },
                {
                    "title": "German",
                    "value": "German"
                },
                {
                    "title": "Italian",
                    "value": "Italian"
                },
                {
                    "title": "Portuguese",
                    "value": "Portuguese"
                },
                {
                    "title": "Spanish",
                    "value": "Spanish"
                }
            ]
        },
        {
            "type": "Input.ChoiceSet",
            "id": "skills",
            "placeholder": "Skills",
            "isMultiSelect": true,
            "choices": [
                {
                    "title": "Computer Programming",
                    "value": "Computer Programming"
                },
                {
                    "title": "Project Management",
                    "value": "Project Management"
                },
                {
                    "title": "Team Lead",
                    "value": "Team Lead"
                }
            ]
        }
    ],
    "actions": [
        {
            "type": "Action.Submit",
            "title": "Submit"
        }
    ],
    "$schema": "http://adaptivecards.io/schemas/adaptive-card.json",
    "version": "1.5"
}