{
  "type": "AdaptiveCard",
  "body":
    [
      {
        "type": "TextBlock",
        "size": "Medium",
        "weight": "Bolder",
        "text": "Candidate Summary"
      },
      {
        "type": "FactSet",
        "facts":
          [
            { "title": "First Name:", "value": "firstname" },
            { "title": "Last Name:", "value": "lastname" },
            { "title": "Email:", "value": "email" },
            { "title": "Current Role:", "value": "current_role" },
            { "title": "Spoken Languages:", "value": "spoken_languages" },
            { "title": "Skills:", "value": "skills" }
          ]
      }
    ],
  "$schema": "http://adaptivecards.io/schemas/adaptive-card.json",
  "version": "1.3"
}